seed,mean_return,std_return,mean_length,std_length
1,12150.413282499761,1160.605826580754,1000.0,0.0
2, 11128.95,2215.17,1000.0,0.0
3,11381.08,1989.29,1000.0,0.0