seed,mean_return,std_return,mean_length,std_length
1,12150.413282499761,1160.605826580754,1000.0,0.0
