seed,mean_return,std_return,mean_length,std_length,mean_accuracy,std_accuracy,mean_1_off_accuracy,std_1_off_accuracy
1,-17.028,0.4418325474656661,1.0,0.0,0.15446666666666667,0.35382362838001646,0.5658444444444445,0.49109307709472994
