seed,mean_return,std_return,mean_length,std_length
1,-5.282593319518356,0.0,1000.0,0.0
2,-9.973662420265352,0.0,1000.0,0.0
