seed,mean_return,std_return,mean_length,std_length
1,-0.8028072495191342,0.6544200123390305,1000.0,0.0
2,-1.2822029677344295,0.8065009159708802,1000.0,0.0
