seed,mean_return,std_return,mean_length,std_length
1,100.9356940909007,0.0,220.0,0.0
2,36.82735518262839,0.0,157.0,0.0
3,305.7941495740092,0.0,189.0,0.0
