seed,mean_return,std_return
1,-0.3351084080126527,0.7946180142025142
2,-0.5575028799245797,0.8676889481332267
3,-0.41287600250026263,0.6769480004629953
