seed,mean_return,std_return
1,-0.1554114916171555,0.3547506783448244
2,0.24350029018579003,0.7617082053428613
3,-0.17568565596361557,0.3513016432641442
