mean_return,std_return,mean_length,std_length,mean_accuracy,std_accuracy,mean_1_off_accuracy,std_1_off_accuracy
-17.021,0.382830249588509,1.0,0.0,0.12546666666666667,0.3257524501295917,0.38152222222222226,0.48111745325560623
