mean_return,std_return,mean_length,std_length,mean_accuracy,std_accuracy,mean_1_off_accuracy,std_1_off_accuracy
-17.014,0.31273631065164154,1.0,0.0,0.05701111111111111,0.21741745673663646,0.5396222222222222,0.4941162011581016
