mean_return,std_return,mean_length,std_length,mean_accuracy,std_accuracy,mean_1_off_accuracy,std_1_off_accuracy
-17.014,0.31273631065164154,1.0,0.0,0.05867777777777778,0.22144866445218034,0.5146222222222223,0.4954865602193714
