mean_return,std_return,mean_length,std_length,mean_accuracy,std_accuracy,mean_1_off_accuracy,std_1_off_accuracy
-17.021,0.382830249588509,1.0,0.0,0.01057777777777778,0.07155046220658053,0.3184888888888889,0.46208559732939014
