seed,mean_return,std_return
1,-262.2375729867684,68.23746284815275
2,-228.325857390041,60.165839025105726
3,-253.37333093220258,82.2734336340818
