mean_return,std_return,mean_length,std_length
-17.21,1.1941105476462388,1.0,0.0
-17.21,1.1941105476462388,1.0,0.0
-17.21,1.1941105476462388,1.0,0.0
